bd84db5f-0fd7-4636-9cb1-044a9789627b,OL20126884W,Speaking of the Fantastic III: Interviews with Science Fiction Writers,,https://covers.openlibrary.org/b/id/8779585-M.jpg,OPENLIBRARY
a6133d3f-1679-43fe-8ea0-9d17499daf75,OL40757481W,Way of the Wizard,,,OPENLIBRARY
305564d6-6578-41c0-8772-2b5ef6021ee2,OL15188323W,Darkness,"Compiling the finest in frightening tales, this unique anthology offers a diverse selection of horror culled from the last 25 years. Hand selected from cutting-edge authors, each work blends subtle psychology and mischievousness with disturbingly visceral imagery. In the classic “Chattery Teeth,” Stephen King provides a tautly drawn account of a traveling salesman who unwisely picks up yet another hitchhiker, while in Peter Straub’s eerie “The Juniper Tree,” a man whose nostalgia for the movies of his childhood leads to his stolen innocence. Renowned fantasy author George R. R. Martin weaves a sinister yarn about a young woman encountering a neighbor who is overly enamored with her in “The Pear-Shaped Man.” Combining acclaimed masters of the macabre, such as Clive Barker, Poppy Z. Brite, and Thomas Ligotti, with bold new talents to the genre, including Kelly Link, Neil Gaiman, and Stephen King’s son, Joe Hill, this distinctive collection of stories will delight and terrify.


----------
Contains:
Jacqueline Ess: her will and testament / Clive Barker --
Dancing chickens / Edward Bryant --
The Greater festival of masks / Thomas Ligotti --
The Pear-shaped man / George R.R. Martin --
The Juniper tree / Peter Straub --
Two minutes forty-five seconds / Dan Simmons --
The Power and the passion / Pat Cadigan --
The Phone woman / Joe R. Lansdale --
Teratisms / Kathe Koja --
[Chattery teeth / Stephen King][1] --
A Little night music / r Lucius Shepard --
Calcutta, Lord of Nerves / Poppy Z. Brite --
The Erl-king / Elizabeth Hand --
The Dog park / Dennis Etchison --
Rain falls / Michael Marshall Smith --
Refrigerator heaven / David J. Schow --
... / Joyce Carol Oates --
Eaten (scenes from a moving picture) / Neil Gaiman --
The Specialist's hat / Kelly Link --
The Tree is my hat / Gene Wolfe --
Heat / Steve Rasnic Tem --
No strings / Ramsey Campbell --
Stitch / Terry Dowling --
Dancing men / Glen Hirshberg --
My father's mask / Joe Hill.


  [1]: https://openlibrary.org/works/OL19650843W/Chattery_Teeth",https://covers.openlibrary.org/b/id/12490281-M.jpg,OPENLIBRARY
2922ff22-bb9e-43f9-b996-39f4e4659059,OL14958898W,100 Great Science Fiction Short Short Stories,"A loint of paw / Isaac Asimov --
The advent on Channel Twelve / C.M. Kornbluth --
Plaything / Larry Niven --
The misfortune cookie / Charles E. Fritch --
I wish I may, I wish I might / Bill Pronzini --
FTA / George R.R. Martin --
Trace / Jerome Bixby --
The ingenious patriot / Ambrose Bierce --
Zoo / Edward D. Hoch --
The destiny of Milton Gomrath / Alexei Panshin --
The devil and the trombone / Martin Gardner --
Upstart / Steven Utley --
How it all went / Gregory Benford --
Harry Protagonist, brain-drainer / Richard Wilson --
Peeping Tommy / Robert F. Young --
Starting from scratch / Robert Sheckley --
Corrida / Roger Zelazny --
Shall the dust praise thee? / Damon Knight --
Bug-getter / R. Bretnor --
The deadly mission of Phineas Snodgrass / Frederik Pohl --
Fire sale / Laurence M. Janifer --
Safe at any speed / Larry Niven --
The masks / James Blish --
Innocence / Joanna Russ --
Kin / Richard Wilson --
The long night / Ray Russell --
Sanity clause / Edward Wellen --
If at first you don't succeed, to hell with it! / Charles E. Fritch --
The question / Laurence M. Janifer and Donald E. Westlake --
The perfect woman / Robert Sheckley --
The system / Ben Bova --
Exile to hell / Isaac Asimov --
Inaugural / Barry N. Malzberg and Bill Pronzini --
Martha / Fred Saberhagen --
Kindergarten / Fritz Leiber --
Landscape with sphinxes / Karen Anderson --
The happiest day of your life / Bob Shaw --
The worlds of Monty Willson / William F. Nolan --
Punch / Frederik Pohl --
Doctor / Henry Slesar --
The man from when / Dannie Plachta --
Crying willow / Edward Rager --
January 1975 / Barry N. Malzberg --
Mail supremacy / Hayford Peirce --
Mistake / Larry Niven --
Half-baked publisher's delight / Jeffrey S. Hudson and Issac Asimov --
Far from home / Walter S. Tevis
Swords of Ifthan / James Sutherland --
Argent blood / Joe L. Hensley --
Collector's fever / Roger Zelazny --
Sign at the end of the universe / Duane Ackerson --
Stubborn / Stephen Goldin --
The re-creation / Robert E. Toomey, Jr. --
The better man / Ray Russell --
Oom / Martin Gardner --
Merchant / Henry Slesar --
Don't fence me in / Richard Wilson --
The die-hard / Alfred Bester --
The first / Anthony Boucher --
Eripmav / Damon Knight --
Feeding time / Robert Sheckley --
The voice from the curious cube / Nelson Bond --
I'm going to get you / F.M. Busby --
The room / Ray Russell --
Dry spell / Bill Pronzini --
Bohassian learns / William Rotsler --
Star bride / Anthony Boucher --
Latest feature / Maggie Nadler --
Chief / Henry Slesar --
After you've stood on the log at the centre of the universe, what is there left to do? / Grant Carrington --
Maid to measure / Damon Knight --
Eyes do more than see / Isaac Asimov --
Thang / Martin Gardner --
How now purple cow / Bill Pronzini --
Revival meeting / Dannie Plachta --
Prototaph / Keith Laumer --
The rocket of 1955 / C.M. Kornbluth --
Science fiction for telepaths / E. Michael Blake --
Kindergarten / James E. Gunn --
A little knowledge / Paul Dellinger --
A cup of hemlock / Lee Killough --
Present perfect / Thomas F. Monteleone --
A lot to learn / Robert T. Kurosaka --
The amphibious cavalry gap / James E. Thompson --
Not counting bridges / Robert L. Fish --
The man inside / Bruce McAllister --
The Mars stone / Paul Bond --
Source material / Mildred Downey Broxon --
The compleat consummators / Alan E. Nourse --
Examination day / Henry Slesar --
The sky's an oyster; the stars are pearls / Dave Bischoff --
The man who could turn back the clock / Ralph Milne Farley --
Patent rights / Daniel A. Darlington --
Alien cornucopia / Walt Liebscher --
The last paradox / Edward D. Hoch --
Course of empire / Richard Wilson --
Synchronicity / James E. Thompson --
Sweet dreams, Melissa / Stephen Goldin --
The man on top / R. Bretnor --
Rejection slip / K.W. MacAnn.",https://covers.openlibrary.org/b/id/12689866-M.jpg,OPENLIBRARY
c714a0a8-726a-4d6d-adb0-7bd05ef4dffb,OL1955930W,Windhaven,"{type=/type/text, value=George R. R. Martin has thrilled a generation of readers with his epic works of the imagination, most recently the critically acclaimed New York Times bestselling saga told in the novels A Game of Thrones, A Clash of Kings, and A Storm of Swords. Lisa Tuttle has won acclaim from fans of science fiction, horror, and fantasy alike -- most recently for her haunting novel  The Pillow Friend. Now together they gift readers with this classic tale of a brilliantly rendered world of ironbound tradition, where a rebellious soul seeks to prove the power of a dream.The planet of Windhaven was not originally a home to humans, but it became one following the crash of a colony starship. It is a world of small islands, harsh weather, and monster-infested seas. Communication among the scattered settlements was virtually impossible until the discovery that, thanks to light gravity and a dense atmosphere, humans were able to fly with the aid of metal wings made of bits of the cannibalized spaceship.Many generations later, among the scattered islands that make up the water world of Windhaven, no one holds more prestige than the silver-winged flyers, who bring news, gossip, songs, and stories. They are romantic figures crossing treacherous oceans, braving shifting winds and sudden storms that could easily dash them from the sky to instant death. They are also members of an increasingly elite caste, for the wings -- always in limited quantity -- are growing gradually rarer as their bearers perish.With such elitism comes arrogance and a rigid adherence to hidebound tradition. And for the flyers, allowing just anyone to join their cadre is an idea that borders on heresy. Wings are meant only for the offspring of flyers -- now the new nobility of Windhaven. Except that sometimes life is not quite so neat.Maris of Amberly, a fisherman's daughter, was raised by a flyer and wants nothing more than to soar on the currents high above Windhaven. By tradition, however, the wings must go to her stepbrother, Coll, the flyer's legitimate son. But Coll wants only to be a singer, traveling the world by sea. So Maris challenges tradition, demanding that flyers be chosen on the basis of merit rather than inheritance. And when she wins that bitter battle, she discovers that her troubles are only beginning.For not all flyers are willing to accept the world's new structure, and as Maris battles to teach those who yearn to fly, she finds herself likewise fighting to preserve the integrity of a society she so longed to join -- not to mention the very fabric that holds her culture together.From the Hardcover edition.}",https://covers.openlibrary.org/b/id/15114967-M.jpg,OPENLIBRARY
1e5dbbd8-c152-48e8-8425-02b4ed0c995d,OL17436502W,The Year's Best Dark Fantasy & Horror 2011,,https://covers.openlibrary.org/b/id/15130369-M.jpg,OPENLIBRARY
abee7570-d6fd-4f38-8ba3-bf7620facd92,OL15975006W,The End of the World -- stories of the apocalypse,,https://covers.openlibrary.org/b/id/12802707-M.jpg,OPENLIBRARY
c812b6f6-968e-44d9-a424-beb2d58de0bd,OL19992202W,The Sworn Sword / Homecoming / The Monarch of the Glen / The Yazoo Queen,,,OPENLIBRARY
8ade7c37-3c7e-4fd5-8d16-0d398b34d525,OL45007303W,Sufat ha-ḥaravot,,,OPENLIBRARY
b49a7774-21e9-4ffe-84e0-f9f263ade9e0,OL33903682W,Il regno dei lupi. Le cronache del ghiaccio e del fuoco vol. 3,,,OPENLIBRARY
f635010a-6aa7-4029-95d2-f6e36e5bb8c7,OL29022114W,I fuochi di Valyria. Le cronache del ghiaccio e del fuoco vol. 11,,,OPENLIBRARY
dda1195a-3a7a-4d20-aa9a-76e3e4f7b83c,OL21678538W,Clash of Kings 2 [graphic novel],,,OPENLIBRARY
a2c7c037-ed22-4d11-91a3-7eb463bd07fe,OL19323714W,Steel and snow,,https://covers.openlibrary.org/b/id/15119638-M.jpg,OPENLIBRARY
f46a8e08-d1ad-42f1-9418-f1b3e900234e,OL34947543W,Astres et des ombres,,https://covers.openlibrary.org/b/id/13772788-M.jpg,OPENLIBRARY
8962b2a3-69e5-44dd-8c63-b90ebd1373bf,OL29231527W,The hedge knight / The sworn sword,,,OPENLIBRARY
b345a60a-bc91-4870-9f7e-559b9ec2c1da,OL19761208W,Windhaven - The Graphic Novel,"""Among the scattered islands of the ocean-bound world called Windhaven, no one holds more prestige than the silver-winged flyers--humans borne on handcrafted wings who cross treacherous seas, braving shifting winds and sudden storms, to bring news, gossip, songs, and stories to Windhaven's far-flung communities. Maris of Lesser Amberly is only a fisherman's daughter, but as much a descendant of the star sailors who founded her world as the flyer family who adopted her. She yearns to soar high above the water on the sky's buffeting currents. But it is Maris's stepbrother who stands to inherit the irreplaceable wings when he comes of age--though he dreams of pursuing a very different path. So Maris dares to challenge tradition and the law by demanding that flyers be chosen by merit rather than inheritance. Determined to establish flying competitions and training academies for those not of the flyer-born classes, she wages a bitter battle for change. But even as she triumphs, a host of new troubles confronts her. For a brewing revolution now threatens to destroy the world she fought so hard to join, and crush her proud, rebellious spirit--unless she is willing to make the ultimate sacrifice. From the united imaginations of two award-winning authors, #1 New York Times bestseller George R.R. Martin (Game of Thrones) and Lisa Tuttle (Lost Futures), Windhaven is now a spectacular full-color graphic novel--adapted by Lisa Tuttle, illustrated by Marvel Comics artist Elsa Charretier, and a must-have for fans of classic fantasy fiction and artwork.""--Amazon.com.",https://covers.openlibrary.org/b/id/12063648-M.jpg,OPENLIBRARY
90c1a6d0-76d4-4675-9e65-2ec5555c98c1,OL1955944W,A Song for Lya,,https://covers.openlibrary.org/b/id/15126256-M.jpg,OPENLIBRARY
3bedd150-d536-413c-a2bd-6aeb3d303fe5,OL257914W,A Storm of Swords,"Here is the third volume in George R. R. Martin’s magnificent cycle of novels that includes *A Game of Thrones* and *A Clash of Kings*. As a whole, this series comprises a genuine masterpiece of modern fantasy, bringing together the best the genre has to offer. Magic, mystery, intrigue, romance, and adventure fill these pages and transport us to a world unlike any we have ever experienced. Already hailed as a classic, George R. R. Martin’s stunning series is destined to stand as one of the great achievements of imaginative fiction.

***A Storm of Swords***

Of the five contenders for power, one is dead, another in disfavor, and still the wars rage as violently as ever, as alliances are made and broken. Joffrey, of House Lannister, sits on the Iron Throne, the uneasy ruler of the land of the Seven Kingdoms. His most bitter rival, Lord Stannis, stands defeated and disgraced, the victim of the jealous sorceress who holds him in her evil thrall. But young Robb, of House Stark, still rules the North from the fortress of Riverrun. Robb plots against his despised Lannister enemies, even as they hold his sister hostage at King’s Landing, the seat of the Iron Throne. Meanwhile, making her way across a blood-drenched continent is the exiled queen, Daenerys, mistress of the only three dragons still left in the world. . . .

But as opposing forces maneuver for the final titanic showdown, an army of barbaric wildlings arrives from the outermost line of civilization. In their vanguard is a horde of mythical Others—a supernatural army of the living dead whose animated corpses are unstoppable. As the future of the land hangs in the balance, no one will rest until the Seven Kingdoms have exploded in a veritable storm of swords. . .

Preceded by: [***A Clash of Kings***][1]
Followed by: [***A Feast for Crows***][2]

([Source][3])

[1]: https://openlibrary.org/works/OL257939W
[2]: https://openlibrary.org/works/OL257948W
[3]: https://georgerrmartin.com/grrm_book/a-storm-of-swords-a-song-of-ice-and-fire-book-three/",https://covers.openlibrary.org/b/id/15124196-M.jpg,OPENLIBRARY
fbdbee85-8f18-4ef1-b557-5b709e8df3b0,OL19863928W,Shadows & Reflections: A Roger Zelazny Tribute Anthology,,https://covers.openlibrary.org/b/id/8669437-M.jpg,OPENLIBRARY
a1a6826d-f9e8-4800-bf44-4eae2bc3567b,OL1955943W,Sandkings,,https://covers.openlibrary.org/b/id/7010135-M.jpg,OPENLIBRARY
058a3c06-c863-4ee3-9e4b-80c6ab4e6678,OL1955942W,Nightflyers,"The crew of the starship *Nightflyer* is heading into the outer reaches of known space in search of a legendary alien race known as the *volcryn*.
The mission is led by Karoly d'Branin and the ship captained by the mysterious Royd Eris, who appears only as a hologram who drifts among them, sometimes playing chess with the beautiful and brilliant warrior, Melantha Jhirl.
Soon the explorers begin to feel they are being watched. Macabre accidents befall them one by one. Is there someone else on board? Royd won't say. And there is no turning back: the *volcryn* are near...",https://covers.openlibrary.org/b/id/11298724-M.jpg,OPENLIBRARY
24983645-eeec-4d9f-89f2-3fb931aa595d,OL1955947W,Tuf Voyaging,"""Haviland Tuf is an honest space-trader who likes cats. So how is it that, in competition with the worst villains the universe has to offer, he's become the proud owner of the last seedship of Earth's legendary Ecological Engineering Corps? Never mind, just be thankful that the most powerful weapon in human space is in good hands--hands which now control cellular material for thousands of outlandish creatures. Armed with this unique equipment, Tuf is set to tackle the problems that human settlers have created in colonizing far-flung worlds: hosts of hostile monsters, a population hooked on procreation, a dictator who unleashes plagues to get his own way ... and in every case, the only thing that stands between the colonists and disaster is Tuf's ingenuity--and his reputation as a man of integrity in a universe of rogues.""--Page 4 of cover.",https://covers.openlibrary.org/b/id/15125395-M.jpg,OPENLIBRARY
361e496e-2676-4650-81cc-6b94d48c4717,OL44198123W,A Game of Thrones [1/2],,https://covers.openlibrary.org/b/id/7134574-M.jpg,OPENLIBRARY
218d719c-5728-4509-b507-72e2e399ad1b,OL257943W,A Game of Thrones,"***A Game of Thrones*** is the inaugural novel in ***A Song of Ice and Fire***, an epic series of fantasy novels crafted by the American author **George R. R. Martin**. Published on August 1, 1996, this novel introduces readers to the richly detailed world of Westeros and Essos, where political intrigue, power struggles, and magical elements intertwine.

The story unfolds through multiple perspectives, each chapter focusing on a different character, allowing readers to experience the narrative from various angles. This complex structure has become a hallmark of Martin's storytelling, immersing readers in the lives and motivations of a diverse cast.

### Plot Summary

Set in the fictional continents of Westeros and Essos, the narrative revolves around the power struggles among noble families vying for the Iron Throne, the seat of power in the Seven Kingdoms of Westeros. The story is rich with political intrigue, betrayal, and epic battles, as well as a deep exploration of themes such as loyalty, honor, and the consequences of power.

### Themes

The novel explores themes of power, loyalty, and the moral complexities of leadership. It delves into the consequences of ambition and the struggle between personal honor and political necessity. The richly detailed world-building and intricate character development make ***A Game of Thrones*** a compelling and immersive read.

### Key Characters

- **Eddard ""Ned"" Stark**: The honorable Lord of Winterfell and Warden of the North, known for his unwavering honor and sense of duty.
- **Catelyn Stark**: The devoted wife of Eddard Stark, whose strength and wisdom guide her family through challenging times.
- **Robert Baratheon**: The King of the Seven Kingdoms, who won the throne through rebellion. His reign is marked by political intrigue and personal struggles, reflecting the broader conflicts of the realm.
- **Cersei Lannister**: The ambitious and cunning Queen of Westeros, whose political acumen and determination make her a formidable presence in the court.
- **Jaime Lannister**: A skilled swordsman and member of the Kingsguard, known for his prowess in battle and complex loyalties.
- **Tyrion Lannister**: The witty and resourceful dwarf, known for his sharp mind and cunning, navigating the treacherous politics of the realm.
- **Daenerys Targaryen**: An exiled princess of House Targaryen, seeking to reclaim her birthright and restore her family's dynasty.
- **Jon Snow**: The bastard son of Eddard Stark, who joins the Night's Watch and faces unique challenges in the far north.
- **Sansa Stark**: The eldest daughter of Eddard Stark, initially known for her naivety and romantic ideals, who learns to navigate the complexities of court life.
- **Arya Stark**: The youngest daughter of Eddard Stark, known for her spirited and adventurous nature, seeking her own path in the world.
- **Bran Stark**: The second son of Eddard Stark, whose life takes a dramatic turn.

### Awards and Recognition

- Winner of the 1997 Locus Award
- Nominated for the 1997 Nebula Award
- Nominated for the 1997 World Fantasy Award
- Winner of the 1997 Hugo Award for Best Novella for ""Blood of the Dragon,"" which includes the Daenerys Targaryen chapters from the novel
- Became a New York Times Bestseller in January 2011 and reached No. 1 on the list in July 2011

Followed by: [***A Clash of Kings***][1]

[1]: https://openlibrary.org/works/OL257939W",https://covers.openlibrary.org/b/id/9269962-M.jpg,OPENLIBRARY
d4c2f369-3415-4a08-8925-795cd00aae26,OL15330435W,"Le Trône de fer, tome 7",,https://covers.openlibrary.org/b/id/11302826-M.jpg,OPENLIBRARY
27f56eae-283d-4083-b52b-e4e28162cdaf,OL18016709W,Fire & Blood,"The first volume of a definitive two-part history of the Targaryens in Westeros is set centuries before the events of ""A Game of Thrones"" and answers key questions about the dynasty's origins, conflicts and relationships with dragons.",https://covers.openlibrary.org/b/id/12063529-M.jpg,OPENLIBRARY
a0ddee04-5a2b-4bbb-a67a-9b7ee1aa66c5,OL257948W,A Feast for Crows,"Few books have captivated the imagination and won the devotion and praise of readers and critics everywhere as has George R. R. Martin’s monumental epic cycle of high fantasy. Now, in *A Feast for Crows*, Martin delivers the long-awaited fourth book of his landmark series, as a kingdom torn asunder finds itself at last on the brink of peace . . . only to be launched on an even more terrifying course of destruction.

***A Feast for Crows***

It seems too good to be true. After centuries of bitter strife and fatal treachery, the seven powers dividing the land have decimated one another into an uneasy truce. Or so it appears. . . . With the death of the monstrous King Joffrey, Cersei is ruling as regent in King’s Landing. Robb Stark’s demise has broken the back of the Northern rebels, and his siblings are scattered throughout the kingdom like seeds on barren soil. Few legitimate claims to the once desperately sought Iron Throne still exist—or they are held in hands too weak or too distant to wield them effectively. The war, which raged out of control for so long, has burned itself out. 

But as in the aftermath of any climactic struggle, it is not long before the survivors, outlaws, renegades, and carrion eaters start to gather, picking over the bones of the dead and fighting for the spoils of the soon-to-be dead. Now in the Seven Kingdoms, as the human crows assemble over a banquet of ashes, daring new plots and dangerous new alliances are formed, while surprising faces—some familiar, others only just appearing—are seen emerging from an ominous twilight of past struggles and chaos to take up the challenges ahead. 

It is a time when the wise and the ambitious, the deceitful and the strong will acquire the skills, the power, and the magic to survive the stark and terrible times that lie before them. It is a time for nobles and commoners, soldiers and sorcerers, assassins and sages to come together and stake their fortunes . . . and their lives. For at a feast for crows, many are the guests—but only a few are the survivors.

Preceded by: [***A Storm of Swords***][1]
Followed by: [***A Dance With Dragons***][2]

([Source][3])

[1]: https://openlibrary.org/works/OL257914W
[2]: https://openlibrary.org/works/OL1955906W
[3]: https://georgerrmartin.com/grrm_book/a-feast-for-crows-a-song-of-ice-and-fire-book-four/",https://covers.openlibrary.org/b/id/6501256-M.jpg,OPENLIBRARY
c712124e-f4ee-40e1-a7d7-fc0c571982b8,OL44186212W,战士,,,OPENLIBRARY
aaf3a120-d77e-416f-a9aa-7ec19c9470eb,OL20327883W,El caballero de los siete reinos,,,OPENLIBRARY
8482eb38-f99f-4011-baaf-a5ee84c6fa12,OL44088429W,El caballero de los siete reinos,,,OPENLIBRARY
179a440b-10e7-468c-88ec-6eb00e75dcd0,OL1955906W,A Dance With Dragons,"In the aftermath of a colossal battle, the future of the Seven Kingdoms hangs in the balance once again–beset by newly emerging threats from every direction. In the east, Daenerys Targaryen, the last scion of House Targaryen, rules with her three dragons as queen of a city built on dust and death. But Daenerys has three times three thousand enemies, and many have set out to find her. Yet, as they gather, one young man embarks upon his own quest for the queen, with an entirely different goal in mind.

Fleeing from Westeros with a price on his head, Tyrion Lannister, too, is making his way to Daenerys. But his newest allies in this quest are not the rag-tag band they seem, and at their heart lies one who could undo Daenerys’s claim to Westeros forever.

To the north lies the mammoth Wall of ice and stone–a structure only as strong as those guarding it. There, Jon Snow, 998th Lord Commander of the Night’s Watch, will face his greatest challenge yet. For he has powerful foes not only within the Watch but also beyond, in the land of the creatures of ice.

And from all corners, bitter conflicts soon reignite, intimate betrayals are perpetrated, and a grand cast of outlaws and priests, soldiers and skinchangers, nobles and slaves, will face seemingly insurmountable obstacles. Some will fail, others will grow in the strength of darkness. But in a time of rising restlessness, the tides of destiny and politics will lead inevitably to the greatest dance of all. . . .

Preceded by: [***A Feast for Crows***][1]
Followed by: ***The Winds of Winter*** (planned)

([Source][3])


[1]: https://openlibrary.org/works/OL257948W

[3]: https://georgerrmartin.com/grrm_book/a-dance-with-dragons/",https://covers.openlibrary.org/b/id/11298743-M.jpg,OPENLIBRARY
8c8bfe3a-8fc0-41cd-a7c4-01ee8c86fbbb,OL257939W,A Clash of Kings,"In this thrilling sequel to *A Game of Thrones*, George R. R. Martin has created a work of unsurpassed vision, power, and imagination. *A Clash of Kings* transports us to a world of revelry and revenge, wizardry and warfare unlike any we have ever experienced.

***A Clash of Kings***

A comet the color of blood and flame cuts across the sky. Two great leaders—Lord Eddard Stark and Robert Baratheon—who hold sway over an age of enforced peace are dead, victims of royal treachery. Now, from the ancient citadel of Dragonstone to the forbidding shores of Winterfell, chaos reigns. Six factions struggle for control of a divided land and the Iron Throne of the Seven Kingdoms, preparing to stake their claims through tempest, turmoil, and war.

It is a tale in which brother plots against brother and the dead rise to walk in the night. Here a princess masquerades as an orphan boy; a knight of the mind prepares a poison for a treacherous sorceress; and wild men descend from the Mountains of the Moon to ravage the countryside. Against a backdrop of incest and fratricide, alchemy and murder, victory may go to the men and women possessed of the coldest steel...and the coldest hearts. For when kings clash, the whole land trembles.

Preceded by: [***A Game of Thrones***][1]
Followed by: [***A Storm of Swords***][2]

([Source][3]) 

[1]: https://openlibrary.org/works/OL257943W
[2]: https://openlibrary.org/works/OL257914W
[3]: https://georgerrmartin.com/grrm_book/a-clash-of-kings-a-song-of-ice-and-fire-book-two/",https://covers.openlibrary.org/b/id/8231751-M.jpg,OPENLIBRARY
adb61ab3-ddea-4fb5-a307-e53ba437d4e3,OL42563152W,Game of Thrones [graphic novel],,,OPENLIBRARY
84f67320-497c-4b6a-b80a-f401dbc08bf4,OL19331998W,Old Venus,"{type=/type/text, value=""This original anthology of all-new stories harkens back to the Golden Age of SF, when science fiction was filled with tales from our own solar system, at a time when no one knew what lay on the surface of our nearest galactic neighbors and speculation ran rampant. And though that old solar system was ""disproved"" in the 1960s, when space probes showed that the real worlds were very different from those of our imaginations, these linked anthologies take us back to the time when it still seemed possible that Mars was home to dying civilizations, and Venus was a steamy, swampy jungle world, with strange creatures lurking amidst the lush vegetation. ""--}",https://covers.openlibrary.org/b/id/15121451-M.jpg,OPENLIBRARY
fd8c67b9-fac1-4227-9074-8e547a378af1,OL17079158W,Dangerous Women,"This volume of warriors, bad girls and dragonriders includes stories by worldwide bestselling authors. This first volume includes an original 35,000 word novella revealing the origins of the civil war in Westeros (before the events in *A Game of Thromes*.)",https://covers.openlibrary.org/b/id/14658115-M.jpg,OPENLIBRARY
2a15a0d2-f97e-46e1-aacb-dc7b312318d1,OL19896989W,Old Mars,,https://covers.openlibrary.org/b/id/15122499-M.jpg,OPENLIBRARY
c9e68882-bd49-4a61-a71f-e5b7e0d79910,OL20090707W,Warriors 2,,https://covers.openlibrary.org/b/id/11300407-M.jpg,OPENLIBRARY
ffc62ffa-13ad-45ae-9f1b-b61350a5defb,OL24678570W,Warriors 1,,https://covers.openlibrary.org/b/id/11381204-M.jpg,OPENLIBRARY
778c7d75-e9d6-4de7-8bff-452aa75dbf5a,OL15640064W,Warriors,"Major anthology collection of never-before-published tales of war and warriors features some of today's most popular writers of fantasy. — There are warriors of every shape, size, and color in these pages, warriors from every epoch of human history, from yesterday and today and tomorrow, and from worlds that never were. Some of the stories will make you sad, some will make you laugh, and many will keep you on the edge of your seat.",https://covers.openlibrary.org/b/id/15119628-M.jpg,OPENLIBRARY
cbc056bd-4c92-4804-a51c-41ab37c8f0ec,OL16261015W,Songs of the Dying Earth,"{type=/type/text, value=An anthology prepared in tribute to the career of Jack Vance features original tales inspired by ""The Dying Earth"" and includes contributions by such genre masters as Neil Gaiman, Tanith Lee, and Robert Silverberg.}",https://covers.openlibrary.org/b/id/15121490-M.jpg,OPENLIBRARY
ed347643-3d51-4877-8117-53497e3029f1,OL28807271W,Pairing Up,,https://covers.openlibrary.org/b/id/15126227-M.jpg,OPENLIBRARY
86e0f933-9458-4dda-85d9-9a54bc35685a,OL21676712W,Three Kings,,https://covers.openlibrary.org/b/id/15124732-M.jpg,OPENLIBRARY
fdb554d8-f85d-48d6-aa6f-853601e91a55,OL19742732W,Low Chicago,,https://covers.openlibrary.org/b/id/15122924-M.jpg,OPENLIBRARY
609aa754-5137-4f57-a12e-d6973ee2d7d6,OL19631217W,Mississippi Roll,"After the suspicious death of a crew member on the historical steamboat Natchez, retired NY police detective Leo Storgman seeks to discover the ship's secrets, including the truth behind ghostly sightings of its first captain.",https://covers.openlibrary.org/b/id/15119843-M.jpg,OPENLIBRARY
3569da8f-4d99-4dcf-86ab-dc6fe2f8147b,OL19369753W,High Stakes,"Officer Francis, vigilante joker ""The Infamous Black Tongue,"" and ace thief Tesseract are forced by a cold-blooded Baba Yaga into an illegal fight ring as part of her effort to placate a vicious monster from another dimension.",https://covers.openlibrary.org/b/id/15122825-M.jpg,OPENLIBRARY
4b31a27f-ddee-4c75-b7c3-1bc7eb91f2b9,OL17465397W,Busted Flush,"A collection of ""Wild Cards"" tales finds veteran ace John Fortune assembling a team of powerful mutants to assist the world's troubled regions, in a volume that includes contributions by such writers as Melinda Snodgrass, Carry Vaughn, and Stephen Leigh.",https://covers.openlibrary.org/b/id/15119602-M.jpg,OPENLIBRARY
4b376e7a-6566-4581-a7e2-30ce07d54800,OL24490919W,Death Draws Five,,https://covers.openlibrary.org/b/id/11107865-M.jpg,OPENLIBRARY
712b64c2-54fa-4b09-ad5b-e01e1ac388c9,OL15181593W,Deuces Down,"On September 15, 1946, a biological weapon created by an alien race was accidently detonated above the streets of New York City, killing countless numbers of men, women, and children.  But those who survived the initial explosion soon began to wish they had died also, once they discovered they had been forever mutated by the virus unleashed in the blast...When the first volume in the Wild Cards series made its debut in 1986, it caused a sensation in the science fiction and fantasy communities.  Here were stories of superpowered human beings in a real world setting, detailing the lives of ""Aces"" - those given superhuman powers by the ""Wild Cards"" virus - and ""Jokers"" - those whom the virus transformed into freaks and monsters.  Over the course of fifteen volumes, the world created by editor George R.R. Martin and some of SF's most talented writers was explored through the eyes of both Aces and Jokers across the globe.In this all-new collection of Wild Cards stories, the spotlight is on the most unusual Wild Cards of them all - the Deuces.  As you'll discover in this thrilling collection, their role in the Wild Cards Universe is just as important as that of the Aces and the Jokers.  In fact, their actions have affected the course of Wild Cards history.Set in an alternate, shared-world universe, Deuces Down is the one place you'll find such never-before-told tales as John J. Miller's exciting 1969 World Series between the Baltimore Orioles and the Brooklyn Dodgers; Michael Cassutt's first moon landing, when the whole world wasn't watching; Walter Simon's Great New York Blackout of 1977; Melinda M. Snodgrass's account of Grace Kelly's mysterious disappearance during the filming of The French Lieutenant's Woman.  It's a strange and terrifying world where anything can happen.  A world of Wild Cards.",https://covers.openlibrary.org/b/id/11291494-M.jpg,OPENLIBRARY
27d86322-10be-4bd2-919b-a59d79fc3768,OL11021268W,Jokertown shuffle,,https://covers.openlibrary.org/b/id/369194-M.jpg,OPENLIBRARY
5cfe2ece-7b3f-4518-8c24-759a639672f7,OL1955928W,Ace in the Hole,"""Atlanta 1988, terror lurks in the halls of the Omni convention center. Here we meet a great religious leader who has vowed to destroy the rights of the Jokers and use his powers to fix the outcome of the convention. Against this backdrop of passion and intrigue, a group of Aces and Jokers appear to fight for control of the nation""--Amazon.com, viewed June 18, 2015.",https://covers.openlibrary.org/b/id/15125424-M.jpg,OPENLIBRARY
9f189901-721f-41ed-a189-e689e0123a28,OL262477W,The Return of Sherlock Holmes,"The Return of Sherlock Holmes is a 1905 collection of 13 Sherlock Holmes stories, originally published in 1903–1904, by Arthur Conan Doyle. The stories were published in the Strand Magazine in Britain and Collier's in the United States.

Contains:
[Adventure of the Empty House](https://openlibrary.org/works/OL1518119W/The_Adventure_of_the_Empty_House)
[Adventure of the Norwood Builder](https://openlibrary.org/works/OL262418W/Adventure_of_the_Norwood_Builder)
[Adventure of the Dancing Men](https://openlibrary.org/works/OL262417W/The_Dancing_Men)
[Adventure of the Solitary Cyclist](https://openlibrary.org/works/OL1518122W/Adventure_of_the_Solitary_Cyclist)
[Adventure of the Priory School](https://openlibrary.org/works/OL1518319W/Adventure_of_the_Priory_School)
Black Peter
[Adventure of Charles Augustus Milverton](https://openlibrary.org/works/OL20621973W/Adventure_of_Charles_Augustus_Milverton)
[Six Napoleons](https://openlibrary.org/works/OL20628495W)
[Adventure of the Three Students](https://openlibrary.org/works/OL1518368W/Adventure_of_the_Three_Students)
[Adventure of the Golden Pince-Nez](https://openlibrary.org/works/OL18191848W/Adventure_of_the_Golden_Pince-Nez)
[Adventure of the Missing Three-Quarter](https://openlibrary.org/works/OL18191816W/Adventure_of_the_Missing_Three_Quarter)
[Adventure of the Abbey Grange](https://openlibrary.org/works/OL17084226W/Adventure_of_the_Abbey_Grange)
[Second Stain](https://openlibrary.org/works/OL18191864W/Second_Stain)


----------
Also contained in:
[Celebrated Cases of Sherlock Holmes](https://openlibrary.org/works/OL16076930W)
[Illustrated Sherlock Holmes](https://openlibrary.org/works/OL1518342W)
[Original Illustrated Sherlock Holmes](https://openlibrary.org/works/OL1518150W)
[Original Illustrated Strand Sherlock Holmes](https://openlibrary.org/works/OL262529W)
[Short Stories](https://openlibrary.org/works/OL14929977W)
[Works](https://openlibrary.org/works/OL16173818W)",9246467,OPENLIBRARY
96955bb1-b211-468e-bafa-20e8d8dc021d,OL19354378W,Beowulf: A Translation and Commentary,"{type=/type/text, value=From his creative attention to detail in these lectures there arises a sense of the immediacy and clarity of his vision. It is as if he entered into the imagined past: standing beside Beowulf and his men shaking out their mail shirts as they beached their ship on the coast of Denmark, listening to the rising anger of Beowulf at the taunting of Unferth, or looking up in amazement at Grendel's terrible hand set under the roof of Heorot.

But the commentary in this book includes also much from those lectures in which, while always anchored in the text, he expressed his wider perceptions. He looks closely at the dragon that would slay Beowulf ""snuffling in baffled rage and injured greed when he discovers the theft of the cup""; but he rebuts the notion that this is ""a mere treasure story"", ""just another dragon tale"". He turns to the lines that tell of the burying of the golden things long ago, and observes that it is ""the feeling for the treasure itself, this sad history"" that raises it to another level. ""The whole thing is sombre, tragic, sinister, curiously real. The 'treasure' is not just some lucky wealth that will enable the finder to have a good time, or marry the princess. It is laden with history, leading back into the dark heathen ages beyond the memory of song, but not beyond the reach of imagination.""}",https://covers.openlibrary.org/b/id/8468088-M.jpg,OPENLIBRARY
7dff460f-3fde-492c-a104-f8443c1f19a6,OL8997784W,The Fall of Gondolin,"""In the Tale of The Fall of Gondolin are two of the greatest powers in the world. There is Morgoth of the uttermost evil, unseen in this story but ruling over a vast military power from his fortress of Angband. Deeply opposed to Morgoth is Ulmo, second in might only to Manwë, chief of the Valar: he is called the Lord of Waters, of all seas, lakes, and rivers under the sky. But he works in secret in Middle-earth to support the Noldor, the kindred of the Elves among whom were numbered Húrin and Túrin Turambar. Central to this enmity of the gods is the city of Gondolin, beautiful but undiscoverable. It was built and peopled by Noldorin Elves who, when they dwelt in Valinor, the land of the gods, rebelled against their rule and fled to Middle-earth. Turgon King of Gondolin is hated and feared above all his enemies by Morgoth, who seeks in vain to discover the marvellously hidden city, while the gods in Valinor in heated debate largely refuse to intervene in support of Ulmo's desires and designs. Into this world comes Tuor, cousin of Túrin, the instrument of Ulmo's designs. Guided unseen by him Tuor sets out from the land of his birth on the fearful journey to Gondolin, and in one of the most arresting moments in the history of Middle-earth the sea-god himself appears to him, rising out of the ocean in the midst of a storm. In Gondolin he becomes great; he is wedded to Idril, Turgon's daughter, and their son is Eärendel, whose birth and profound importance in days to come is foreseen by Ulmo. At last comes the terrible ending. Morgoth learns through an act of supreme treachery all that he needs to mount a devastating attack on the city, with Balrogs and dragons and numberless Orcs. After a minutely observed account of the fall of Gondolin, the tale ends with the escape of Túrin and Idril, with the child Eärendel, looking back from a cleft in the mountains as they flee southward, at the blazing wreckage of their city. They were journeying into a new story, the Tale of Eärendel, which Tolkien never wrote, but which is sketched out in this book from other sources. Following his presentation of Beren and Lúthien Christopher Tolkien has used the same 'history in sequence' mode in the writing of this edition of The Fall of Gondolin. In the words of J.R.R. Tolkien, it was 'the first real story of this imaginary world' and, together with Beren and Lúthien and The Children of Húrin, he regarded it as one of the three 'Great Tales' of the Elder Days."" - Amazon.com",https://covers.openlibrary.org/b/id/12451486-M.jpg,OPENLIBRARY
a7767237-2f19-4650-abab-c87dad9cf876,OL27495W,The Silmarillion,"A number-one New York Times bestseller when it was originally published, The Silmarillion is the core of J.R.R. Tolkien's imaginative writing, a work whose origins stretch back to a time long before The Hobbit.",https://covers.openlibrary.org/b/id/14627042-M.jpg,OPENLIBRARY
09839a80-7cf5-4df5-8bb7-ed94cd891a88,OL262760W,The Complete History of Middle-Earth,,https://covers.openlibrary.org/b/id/10802-M.jpg,OPENLIBRARY
15a0f9f1-9d03-4e60-a3c7-0607bf37cde5,OL14926004W,The History of the Lord of the Rings,,https://covers.openlibrary.org/b/id/393177-M.jpg,OPENLIBRARY
3af877d3-8446-460d-af5f-993f9c8e984c,OL27466W,Unfinished Tales of Númenor and Middle-earth,"Unfinished Tales is a collection of narratives ranging in time from the Elder Days of Middle-earth to the end of the War of the Ring, and provides those who have read The Lord of the Rings with a whole collection of background and new stories from the twentieth century’s most acclaimed popular author.

The book concentrates on the realm of Middle-earth and comprises such elements as Gandalf’s lively account of how it was that he came to send the Dwarves to the celebrated party at Bag-End, the emergence of the sea-god Ulmo before the eyes of Tuor on the coast of Beleriand, and an exact description of the military organization of the Riders of Rohan.

Unfinished Tales also contains the only story about the long ages of Numenor before its downfall, and all that is known about such matters as the Five Wizards, the Palantiri and the legend of Amroth. The tales were collated and edited by JRR Tolkien’s son and literary heir, Christopher Tolkien, who provides a short commentary on each story, helping the reader to fill in the gaps and put each story into the context of the rest of his father’s writings.",https://covers.openlibrary.org/b/id/9293458-M.jpg,OPENLIBRARY
6b38be45-2cea-4cb6-bc40-267e95dfd716,OL17755218W,Beren and Lúthien,"The New York Times Bestseller

J.R.R. Tolkien's Beren And Lúthien is one of the three 'Great Tales' of the Elder Days. The epic tale of Beren and Lúthien became an essential element in the evolution of The Silmarillion, the myths and legends of Tolkien's First Age of the World.

Always key to the story is the fate that shadowed their love: Beren was a mortal man, Lúthien an immortal Elf. Her father, a great Elvish lord, imposed on Beren an impossible task before he might wed Lúthien: to rob the greatest of all evil beings, Melkor, of a Silmaril.

Painstakingly restored from Tolkien's manuscripts and presented for the first time as a continuous and standalone story, Beren and Lúthien reunites fans of The Hobbit and The Lord of the Rings with Elves and Men, along with the rich landscape and creatures unique to Tolkien's Middle-earth. Christopher Tolkien tells the story in his father's own words by giving its original form as well as prose and verse passages from later texts that illustrate the narrative as it changed.

""A good introduction to LOTR fans nervous about taking on The Silmarillion, and also gives longtime fans a fascinating look at the Tolkiens' myth-making process.""—EntertainmentWeekly.com

""With eloquence and diligence and care, the son reconstructs and retraces the father's journey, pursuing the tale through draft after draft as Tolkien pursued his vision of Middle-earth.""—NPR.org",https://covers.openlibrary.org/b/id/12639912-M.jpg,OPENLIBRARY
3f8506b6-bd92-4f2f-9c54-d30ab5f05b18,OL14926122W,The history of Middle-Earth III,,https://covers.openlibrary.org/b/id/8131-M.jpg,OPENLIBRARY
04290b0d-012e-40d5-a039-f6623d520c14,OL14926003W,"The Histories of Middle Earth, Volumes 1-5","{type=/type/text, value=1. The book of lost tales, part 1 --
2. The book of lost tales, part 2 --
3. The lays of Beleriand --
4. The shaping of Middle-earth --
5. The lost road and other writings.}",https://covers.openlibrary.org/b/id/211264-M.jpg,OPENLIBRARY
d9754981-67f8-466d-a5ad-af5f5748d3cb,OL14926120W,"The Complete History of Middle-earth, Vol. 2 (The History of Middle-earth, Vols. 6-9)",,https://covers.openlibrary.org/b/id/8130-M.jpg,OPENLIBRARY
611d0eaf-9bad-4be8-83e7-f83fbc15d1eb,OL27485W,The Lost Road and Other Writings,"At the end of the 1937 J.R.R. Tolkien reluctantly set aside his now greatly elaborated work on the myths and heroic legends of Valinor and Middle-earth and began The Lord of the Rings. This fifth volume of The History of Middle-earth, edited by Christopher Tolkien, completes the presentation of the whole compass of his writing on those themes up to that time. Later forms of the Annuals of Valinor and the Annals of Berleriand had been composed, The Silmarillion was nearing completion in a greatly amplified version, and a new map had been made; the myth of the Music of the Ainur had become a separate work; and the legend of the Downfall of Numenor had already entered in a primitive form, introducing the cardinal ideas of the World Made Round and the Straight Path into the vanished West. Closely associated with this was the abandoned time-travel story, The Lost Road, which was to link the world of Numenor and Middle-earth with the legends of many other times and peoples. A long essay, The Lhammas, had been written on the ever more complex relations of the languages and dialects of Middle-earth; and an etymological dictionary had been undertaken, in which a great number of words and names in the Elvish languages were registered and their formation explained - thus providing by far the most extensive account of their vocabularies that has appeared.",https://covers.openlibrary.org/b/id/10564282-M.jpg,OPENLIBRARY
c2820d87-7c0f-470b-ae1a-d02a5a3c47eb,OL27484W,The Lays of Beleriand,"This is the third volume of the History of Middle-earth, which comprises here-tofore unpublished manuscripts that were written over a period of many years before Tolkien's Simlarillion was published. Volumes 1 and 2 were the Book of Lost Tales, Part One and The Book of Lost Tales, Part Two. Together, these volumes encompass an extraordinarily extensive body of material ornamenting and buttressing what must be the most fully realized world ever to spring from a single author's imagination.
""I write alliterative verse with pleasure,"" wrote J.R.R. Tolkien in 1955, ""though I have published little beyond the fragments in The Lord of the Rings, except The Homecoming of Beorhtnoth."" The first of the poems in The Lays of Beleriand is the previously unpublished Lay of the Children of Hurin, his early but most sustained work in the ancient English meter, intended to narrate on a grand scale the tragedy of Turin Turambar. It was account of the killing by Turin of his friend Beleg, as well as a unique description of the great redoubt of Nargothrond. The Lay of the Children of Hurin was supplanted by the Lay of Leithian, ""Release from Bondage"", in which another major legend of the Elder Days received poetic form, in this case in rhyme. The chief source of the short prose tale of Beren and Luthien is The Silmarillion. This, too, was not completed, but the whole Quest of the Silmaril is told, and the poem breaks off only after the encounter with Morgoth in his subterranean fortress. Many years later, when The Lord of the rings was finished, J.R.R. Tolkien returned to the Lay of Leithian and started on a new version, which is also given in this book.
Accompanying the poems are commentaries on the evolution of the history of the Elder Days, which was much developed during the years of the composition of the two Lays. Also included is the notable criticism in detail of the Lay of Lethian by C.S. Lewis, Tolkien's friend and colleague, who read the poem in 1929. By assuming that this poem is actually a fragment from a past lost in history, Lewis underlined the remarkable power of its author's imaginative talents and academic competence.",https://covers.openlibrary.org/b/id/9293471-M.jpg,OPENLIBRARY
562760db-5104-426f-a7a3-fd496b682b63,OL27469W,The Book of Lost Tales [2/2],"The stories continues from ""Part I"", and begins with Eriol, having spent spent many days at the 'Cottage of Lost Play', a house he arrived at while traveling. It is owned by Lindo and Vairë. There he has listened to stories by the family that had taken him in. The first story in this book that he hears is ""The Tale of Tinúviel"".

""The Tale of Tinúviel"" tells the story of Beren a human male who falls in love with Lúthien Tinúviel a female elf. He wishes to marry her but is given a seemingly impossible task to get a Silmaril jewel from the crown of a evil being. He succeeds in getting the jewel but loses his hand in the attempt, and after their marriage he dies, and she also dies from heartbreak, and they are returned to life for second chance.

Eriol himself tells the next story, that of ""Turambar and the Foalókë"".

""Turambar and the Foalókë"" is the story of a warrior that is imprissioned by the evil being and set on a mountain top to watch his family suffer while he watches with the curse of special sight. The story then changes to his son, Túrin, who also fights but is betrayed by his men and cursed, after losing a battle with a dragon he changes his name. His sister and mother look for him but are captured and their memories erased by the dragon. He later meets his sister, now strangers to each other, they become married. He finally defeats the dragon, but with that her memory returns. Realizing he's her brother she jumps off a cliff, he kills himself, and the mother goes screaming into the woods. The father then is released by the evil being and he goes and kills the men that betrayed his son. Then goes looking for his wife in the woods. The story ends with the family reunited and dwelling with the spirits.",https://covers.openlibrary.org/b/id/8220093-M.jpg,OPENLIBRARY
02853d4a-04dd-461e-afe7-91457cac409b,OL27435W,The Book of Lost Tales [1/2],"The story begins with a man named Eriol, as he lands on the 'Lonely Island' mythical prehistory England. While traveling he stops at the ""Cottage of Lost Play"" a house owned by Lindo and Vairë elves. They tell him how they came to be there, and of a place called the 'Cottage of Children', a place where Children that had gotten lost in the woods could stay. Its caretaker left and the cottage was rediscovered by Lindo's father, and he took the children to this island, with him, and now Lindo looks after them.

The next day Eriol walks in the garden and meets the door man, and is told the story of ""The Music of the Ainur"". A creation myth where the creator sings into being immortal spirits, that with their help sing into being the world. One of these spirits becomes evil, and begins to dislike the two races that are placed within the world, Elves and Men. Some of the spirits decided to be caretakers for the world and broke up into two groups the Valor, care takers and the Maia, servants to them.

That night he asks to hear more stories, and is told ""The Coming of Valor and the Building of Valinor"". the care takers have their own parts of the world, but eventually get together and create a can all live in the world. They placed it on the war West of the world and they call it Valinor, all but the evil one decided to live there, he made his home in the mountains of the north.

Eriol soon wishes to stay on the island, but must get the queen's permission, but she tells him he must learn more about them first. She then tells him of ""The Chaining of Melko"". It tells how the evil one tried to destroy that which the other Valor created and how subdued him and put him on trial for his crimes.

Eriol then asks about the elves and is told ""The Coming of the Elves and the Making of Kôr."" Near the end of the evil ones imprisonment the Elves came into being, and seeing them, the Valor requested to talk with them, but only three came to Valinor, of these three the original three tribes of Elves grew, of these many returned and built the city Kôr near Valinor. Here the magic Silmarillion jewels.

The queen ends her story, and Eriol returns to Lindo's house, where at story time Lindo tells ""The Theft of Melko and the Darkening of Valinor"" This tells how the evil one causes distrust between the elves and the Valor, then while the elves are at Valinor the three Silmarils. He hides in a cave and meets a spider woman that offers to help him, and together they go to Valinor, and destroy the two Trees of Light, they are almost caught but manage to escape, with the help of the spider woman's power to cause darkness.

The story continues without a break, but with a new title ""The Flight of the Noldoli"". One of the groups of elves gets restless after helping hunt for the evil one, they feel ill used and steal boats from another group, they become exiles and escape to the East and to the continent.

Some time later a guest arrives and Lindo tells ""The Tale of the Sun and Moon"". It tells that after Valinor was darkened, they cried over the trees which made bloom one last fruit, it shined brightly and they placed it in the sky. One of the valor sing to the other tree and then touch it as it brings a blossom of a fruit but it is dropped and the fruit doesn't shine as brightly, they place it in the sky also, where they will now be the moon and sun.

Lindo asks his wife to tell the next story which is, ""The Hiding of Valinor"" This tells how the valor feared evil would return so they destroy all roads leading to Valinor, and the only way for the elves to reach there is by a bridge rainbow, that is really the hair of a Valor. Then three strangers come to Valinor and they asked to take hold of the sun, and moon, and with a cord they bind them together, and create the days, months and years. They then introduce themselves as the sons of time.

Time passes and the new guest to the cottage is asked to tell a story, he then tells, ""Gilfanon's Tale: The Travail of the Noldoli and the Coming of Mankind"". The story starts with elves that did not go to Valinor but stayed where they awakened, they were taught forbidden things by a wizard. They found men sleeping in caves and woke them up. At first they were friends by the evil one sent messengers to make men and elves hate, a war broke out, and men where beaten and driven away. They get together with the Noldoli who left Valinor, and try to fight the evil one but lose and some are turned into slaves while the two groups of elves learn to distrust each other.

The new guest's story ends and he leaves, while Eriol remains at Lindo's for a while longer. The story continues in ""The Book of Lost Tales: Part II"".",https://covers.openlibrary.org/b/id/9293488-M.jpg,OPENLIBRARY
5562f62f-2875-4f58-a5b9-47efc85d60c7,OL27508W,The Return of the Shadow,"The Return of the Shadow is the first volume of the The History of The Lord of the Rings and the sixth volume of The History of Middle-earth. It is a history of the creation of The Lord of the Rings, a fascinating study of Tolkien's great masterpiece, from its inception to the end of the first volume, The Fellowship of the Ring. 

In The Return of the Shadow (the abandoned title of the first volume of The Lord of the Rings) Christopher Tolkien describes, with full citation of the earliest notes, outline plans, and narrative drafts, the intricate evolution of The Fellowship of the Ring and the gradual emergence of the conceptions that transformed what J.R.R. Tolkien for long believed would be a far shorter book, 'a sequel to The Hobbit'. 

The enlargement of Bilbo's 'magic ring' into the supremely potent and dangerous Ruling Ring of the Dark Lord is traced and the precise moment is seen when, in an astonishing and unforeseen leap in the earliest narrative, a Black Rider first rode into the Shire, his significance still unknown. 

The character of the hobbit called Trotter (afterwards Strider or Aragorn) is developed while his indentity remains an absolute puzzle, and the suspicion only very slowly becomes certainty that he must after all be a Man. The hobbits, Frodo's companions, undergo intricate permutations of name and personality, and other major figures appear in strange modes: a sinister Treebeard, in league with the Enemy, a ferocious and malevolent Farmer Maggot.

The story in this book ends at the point where J.R.R. Tolkien halted in the story for a long time, as the Company of the Ring, still lacking Legolas and Gimli, stood before the tomb of Balin in the Mines of Moria. The Return of the Shadow is illustrated with reproductions of the first maps and notable pages from the earliest manuscripts.",https://covers.openlibrary.org/b/id/8220055-M.jpg,OPENLIBRARY
f747017f-c7c0-4099-a42c-7cdc2fa542cd,OL15163987W,"Sir Gawain and the Green Knight, Pearl, and Sir Orfeo","{type=/type/text, value=Contains three stories from the age of chivalry, knights and holy quests.}",https://covers.openlibrary.org/b/id/9293467-M.jpg,OPENLIBRARY
22f773ca-a846-47ee-924f-49ab00ea03a1,OL262759W,The History of Middle-earth,,https://covers.openlibrary.org/b/id/10086-M.jpg,OPENLIBRARY
596612e7-8779-43b2-9504-248d9f830301,OL42441174W,Tolkien Myths and Legends Box Set,,,OPENLIBRARY
37a7c9af-10c3-4acd-9346-75c9ca000cc9,OL42397579W,Tree and Leaf,,,OPENLIBRARY
515fb571-bf1e-4318-88df-39a19f12017e,OL44546628W,Bovadium Fragments,,,OPENLIBRARY
64fd922b-ea88-459d-8105-d45e48d0e23a,OL27498W,Morgoth's Ring,"In Morgoth's Ring, the tenth volume of The History of Middle-earth and the first of two companion volumes, Christopher Tolkien describes and documents the legends of the Elder Days, as they were evolved and transformed by his father in the years before he completed The Lord of the Rings. The text of the Annals of Aman, the ""Blessed Land"" in the far West, is given in full. And in writings never before published, we can see the nature of the problems that J.R.R. Tolkien explored in his later years as new and radical ideas, portending upheaval in the heart of the mythology. At this time Tokien sought to redefine the old legends, and wrote of the nature and destiny of Elves, the idea of Elvish rebirth, the origins of the Orcs, and the Fall of Men. His meditation of mortality and immortality as represented in the lives of Men and Elves led to another major writing at this time, the ""Debate of Finrod and Andreth,"" which is reproduced here in full. ""Above all,"" Christopher Tolkien writes in his foreward, ""the power and significance of Melkor-Morgoth...was enlarged to become the ground and source of the corruption of Arda."" This book indeed is all about Morgoth. Incomparably greater than the power of Sauron, concentrated in the One Ring, Morgoth's power (Tolkien wrote) was dispersed into the very matter of Arda: ""The whole of Middle-earth was Morgoth's Ring.""",https://covers.openlibrary.org/b/id/9293464-M.jpg,OPENLIBRARY
99394506-1f53-4935-b56b-869364c74a3d,OL27451W,The Peoples of Middle-Earth,,https://covers.openlibrary.org/b/id/7885268-M.jpg,OPENLIBRARY
e8ad539b-10e4-4a09-a352-49e3dc85f3e0,OL27475W,Sauron Defeated,"In the first part of Sauron Defeated, Christopher Tolkien completes his account of the writing of The Lord of the Rings, beginning with Sam's rescue of Frodo from the Tower of Kirith Ungol, and giving a very different account of the Scouring of the Shire. This part ends with versions of the previously unpublished Epilogue, an alternate ending to the masterpiece in which Sam attempts to answer his children's questions years after the departure of Bilbo and Frodo from the Grey Havens. The second part introduces The Notion Club Papers, now published for the first time. Written by J.R.R. Tolkien in the interval between The Two Towers and The Return of the King (1945-1946), these mysterious Papers, discovered in the early years of the twenty-first century, report the discussions of a literary club in Oxford in the years 1986-1987. Those familiar with the Inklings will see a parallel with the group whose members included J.R.R. Tolkien and C.S. Lewis. After a discussion of the possiblities of travel through space and time through the medium of 'true dream,"" the story turns to the legend of Atlantis, the strange communications received by members of the club out of remote past, and the violent irruption of the legend into northwestern Europe. Closely associated with the Papers is a new version of the Numenorean legend, The Drowning of Anadune, which constitutes the third part of the book. At this time the language of the Men of the West, Adunaic, was first devised - Tolkien's fifteenth invented language. The book concludes with an elaborate account of the structure of this language by Arundel Lowdham, a member of the Notion Club, who learned it in his dreams. Sauron Defeated is illustrated with the changing conceptions of the fortress of Kirith Ungol and Mount Doom, previously unpublished drawings of Orthanc and Dunharrow, and fragments of manuscript written in Numenorean script.",https://covers.openlibrary.org/b/id/9158610-M.jpg,OPENLIBRARY
1a815231-2023-4eb7-81d3-3905da756877,OL27491W,The War of the Ring,"The War of the Ring is the third volume of The History of The Lord of the Rings and the eighth volume in The History of Middle-earth.

The War of the Ring takes up the story of The Lord of the Rings with the Battle of the Hornburg and the drowning of Isengard by the Ents, continues with the journey of Frodo, Sam and Gollum to the Pass of Cirith Ungol, describes the war in Gondor, and ends with the parley between Gandalf and the ambassador of the Dark Lord before the Black Gate of Mordor. 

In describing his intentions for The Return of the King, J.R.R. Tolkien said that 'It will probably work out very differently from this plan when it really gets written, as the thing seems to write itself once it gets going'; and in The War of the Ring totally unforeseen developments that would become central to the narrative are seen at the moment of their emergence: the palantir bursting into fragments on the stairs of Orthanc, its nature as unknown to the author as to those who saw it fall, or the entry of Faramir into the story ('I am sure I did not invent him, though I like him, but there he came walking into the woods of Ithilien').

The book is illustrated with plans and drawings of the changing conceptions of Orthanc, Dunharrow, Minas Tirith and the tunnels of Shelob's Lair.",https://covers.openlibrary.org/b/id/14625634-M.jpg,OPENLIBRARY
fdb2c978-c0b2-4683-9a50-23ac6d4ce9a6,OL27478W,The Treason of Isengard,"The Treason of Isengard is the second volume of The History of The Lord of the Rings and the seventh volume of The History of Middle-earth.

The Treason of Isengard continues the account of the creation of The Lord of the Rings started in the earlier volume, The Return of the Shadow. In this book, following the long halt in the darkness of the Mines of Moria with which The Return of the Shadow ended, is traced the great expansion of the tale into new lands and new peoples south and east of the Misty Mountains; the emergence of Lothlorien, of Ents, of the Riders of Rohan, and of Saruman the White in the fortress of Isengard.

In brief outlines and penciled drafts dashed down on scraps of paper are seen the first entry of Galadriel, the earliest ideas of the history of Gondor, the original meeting of Aragorn and Eowyn, its significance destined to be wholly transformed. Conceptions of what lay ahead are seen dissolving as the story took its own paths, as in the account of the capture of Frodo and his rescue by Sam Gamgee from Minas Morgul, written long before J.R.R. Tolkien actually came to that point in the writing of The Lord of the Rings. 

A chief feature of the book is a full account of the original Map, with re-drawings of successive phases, which was long the basis and accompaniment of the emerging geography of Middle-earth. An appendix to the book describes the Runic alphabets as they were at that time, with illustrations of the forms and an analysis of the Runes used in the Book of Mazarbul found beside Balin's Tomb in Moria.",https://covers.openlibrary.org/b/id/8220122-M.jpg,OPENLIBRARY
54dcdcf4-691c-4eb7-b62f-294a5e65cf80,OL27502W,The Shaping of Middle-Earth,"In this truly indispensable reference, trace the development of the early lore of Middle-earth. Poems and prose, maps and chronologies, detours and diversions along the road to Middle-earth -- Christopher Tolkien has gathered archival materials that his late father, J.R.R. Tolkien, used to create the world and the history behind his classic stories. The Shaping of Middle-earth presents early versions of those first tales, from the creation myth to the fall of Morgoth. Writings include a chronology of the events in Beleriand, the first Silmarillion map, and the only known description of the physical nature of Middle-earth's universe. Detailed annotations highlight changes ranging from the spelling of Elvish names to pivotal emendations whose effects reach even to the War of the Ring. This extraordinary book will be fascinating reading for those just entering this world -- and a delight for fans of this endlessly beloved land. - Back cover.",https://covers.openlibrary.org/b/id/6634719-M.jpg,OPENLIBRARY
8720a755-7e0d-40a3-b1db-617c052c7e0b,OL27504W,"The Book of Lost Tales, Parts One & Two","Besteht aus den Bänden:

- [Das Buch der verschollenen Geschichten, Teil 1](/works/OL15331146W)
- [Das Buch der verschollenen Geschichten, Teil 2](/works/OL15331147W)",https://covers.openlibrary.org/b/id/-1-M.jpg,OPENLIBRARY
f01650fd-79fa-4c45-9973-51de60162e5f,OL27452W,Pictures,,https://covers.openlibrary.org/b/id/8426343-M.jpg,OPENLIBRARY
de39c440-14b0-4408-8239-2568d58bfa47,OL37625582W,History of Middle-Earth Box Set #2,,,OPENLIBRARY
15a56e96-b4d6-49f8-ad17-c7da9b3a8650,OL34965186W,La realtà in trasparenza. Lettere,,https://covers.openlibrary.org/b/id/13901733-M.jpg,OPENLIBRARY
956ec61e-0c0e-4973-ae98-092a636f6d97,OL35719924W,Letters of J. R. R. Tolkien,,,OPENLIBRARY
dc692c09-e0d9-46fc-b0a9-1e44844702af,OL36819740W,History of Middle-Earth,,,OPENLIBRARY
7400090e-5a23-49e0-bdc2-50b594a45925,OL31189790W,The J.R.R. Tolkien Audio Collection,,https://covers.openlibrary.org/b/id/445137-M.jpg,OPENLIBRARY
2207ba3c-722e-4350-aee1-c3d2c230fd24,OL32417967W,Saga of King Heidrek the Wise,,,OPENLIBRARY
b617be97-d221-4d4e-bb0d-277b67e47011,OL22765457W,Hervarar saga ok Heiðreks,,,OPENLIBRARY
7c95f5ab-541f-4ca6-ae9a-22e0234fbbcc,OL22463383W,The saga of King Heidrek the Wise,,https://covers.openlibrary.org/b/id/15056061-M.jpg,OPENLIBRARY
d22de0b0-5c6b-45d0-8295-dd3f4e2f8cec,OL20920995W,The Great Tales of Middle-earth,,https://covers.openlibrary.org/b/id/10292092-M.jpg,OPENLIBRARY
b01f2c07-f523-4f32-924f-5cb2b27907d9,OL24774960W,Sir Gawain and the Green Knight,,https://covers.openlibrary.org/b/id/11529684-M.jpg,OPENLIBRARY
7b354085-43f0-41e0-bcc9-9709f693e8af,OL14933410W,La Caida de Numenor,,https://covers.openlibrary.org/b/id/1047650-M.jpg,OPENLIBRARY
1ddc6691-4ae0-4537-8226-2c8e3eb4a618,OL27481W,The war of the jewels,,https://covers.openlibrary.org/b/id/9158607-M.jpg,OPENLIBRARY
